placa;anno_permiso;Tipo_pago;CodSII;fecha_emision;fecha_pago;MONTO_PAGADO;REAJUSTE;MULTA;PERMISO_ANTERIOR;ELECTRONICO_PAPEL;FECHA_VENCIMIENTO;SEXO
BCGP47;2024;TOTAL;SU790049;06/02/2024;12/11/2024;58050;1412;6219;SANTIAGO;PAPEL;31/03/2025;H
BGDG83;2022;TOTAL;CT910015;13/11/2024;13/11/2024;50333;5620;16323;PUERTO MONTT;PAPEL;31/03/2023;M
BGDG83;2023;TOTAL;CT910015;13/11/2024;13/11/2024;42840;2069;9886;PUERTO MONTT;PAPEL;31/03/2024;M
BGDG83;2024;TOTAL;CT910015;13/11/2024;13/11/2024;37227;905;3989;SANTIAGO;PAPEL;31/03/2025;M
BLPD15;2023;TOTAL;SD500221;15/11/2024;15/11/2024;42840;2069;9886;PUERTO MONTT;PAPEL;31/03/2024;M
BLPD15;2024;TOTAL;SD500221;15/11/2024;15/11/2024;37227;905;3989;PUERTO MONTT;PAPEL;31/03/2025;H
BLPJ24;2024;TOTAL;;25/11/2024;25/11/2024;34070;99;992;SANTIAGO;PAPEL;30/09/2025;H
BPFP86;2023;TOTAL;;29/11/2024;29/11/2024;241137;9309;41850;PUERTO MONTT;PAPEL;30/09/2024;M
BPFP86;2024;TOTAL;;29/11/2024;29/11/2024;204450;594;5955;PUERTO MONTT;PAPEL;30/09/2025;H
BSBL50;2022;TOTAL;SD500189;21/11/2024;21/11/2024;48263;5390;15653;MAIPU;PAPEL;31/03/2023;H
BSBL50;2023;TOTAL;SD500189;21/11/2024;21/11/2024;42840;2069;9886;RENCA;PAPEL;31/03/2024;M
BSBL50;2024;TOTAL;SD500189;21/11/2024;21/11/2024;37227;905;3989;VALDIVIA;PAPEL;31/03/2025;M
BTRH37;2024;TOTAL;;25/09/2024;15/11/2024;34075;99;992;MAFIL;ELECTRONICO;30/09/2025;M
BTRT22;2024;2a Cuota;SU1620046;02/08/2024;28/11/2024;127924;1332;5509;SAN JOSE;PAPEL;31/03/2025;M
BVTJ68;2024;2a Cuota;SU790045;02/08/2024;08/11/2024;17370;181;748;SANTIAGO;PAPEL;31/03/2025;H
BWBL76;2024;2a Cuota;SD2430118;02/08/2024;18/11/2024;17370;181;748;PUERTO MONTT;ELECTRONICO;31/03/2025;H
BWWZ50;2017;TOTAL;C220006;20/11/2024;20/11/2024;214463;27446;124350;PUERTO MONTT;PAPEL;31/03/2018;H
BWWZ50;2018;TOTAL;C220006;20/11/2024;20/11/2024;181485;23904;98992;SANTIAGO;PAPEL;31/03/2019;M
BWWZ50;2019;TOTAL;C220006;20/11/2024;20/11/2024;144606;19599;73019;PUERTO MONTT;PAPEL;31/03/2020;M
BWWZ50;2020;TOTAL;CT1110037;20/11/2024;20/11/2024;101003;13673;44734;PUERTO MONTT;PAPEL;31/03/2021;M
BWWZ50;2021;TOTAL;CT1110037;20/11/2024;20/11/2024;80032;10867;31820;SANTIAGO;PAPEL;31/03/2022;M
BWWZ50;2022;TOTAL;CT1110037;20/11/2024;20/11/2024;69847;7800;22653;PUERTO MONTT;PAPEL;31/03/2023;H
BWWZ50;2023;TOTAL;CT1110037;20/11/2024;20/11/2024;47707;2304;11009;PUERTO MONTT;PAPEL;31/03/2024;H
BWWZ50;2024;TOTAL;CT1110037;20/11/2024;20/11/2024;37227;905;3989;MAIPU;PAPEL;31/03/2025;H
BYDF29;2024;TOTAL;SU590095;06/02/2024;29/11/2024;37227;905;3989;RENCA;ELECTRONICO;31/03/2025;M
BZ8236;2024;2a Cuota;;04/10/2024;04/11/2024;66100;0;0;VALDIVIA;PAPEL;30/09/2025;M
CDSV11;2024;TOTAL;;25/09/2024;15/11/2024;34075;99;992;MAFIL;ELECTRONICO;30/09/2025;M
CFGZ98;2024;TOTAL;;20/11/2024;20/11/2024;204450;594;5955;SAN JOSE;ELECTRONICO;30/09/2025;M
CGTV80;2024;2a Cuota;SU1320100;02/08/2024;22/11/2024;33689;351;1451;SANTIAGO;ELECTRONICO;31/03/2025;H
CGYL65;2024;TOTAL;CT2250022;06/02/2024;17/11/2024;64673;1573;6929;PUERTO MONTT;ELECTRONICO;31/03/2025;H
CGZC38;2024;2a Cuota;CT2250013;02/08/2024;12/11/2024;37970;395;1635;PUERTO MONTT;PAPEL;31/03/2025;M
CHHP79;2024;TOTAL;;05/11/2024;05/11/2024;34075;99;992;SANTIAGO;PAPEL;30/09/2025;H
CHVC62;2024;TOTAL;;21/11/2024;21/11/2024;34075;99;992;PUERTO MONTT;PAPEL;30/09/2025;H
CJFB29;2023;TOTAL;HB1460003;08/11/2024;08/11/2024;42843;2069;9886;PUERTO MONTT;PAPEL;31/03/2024;M
CJFB29;2024;TOTAL;HB1460003;08/11/2024;08/11/2024;37227;905;3989;SANTIAGO;PAPEL;31/03/2025;M
CLGT62;2024;2a Cuota;SU1320119;02/08/2024;06/11/2024;51767;539;2229;PUERTO MONTT;PAPEL;31/03/2025;M
CLYH25;2024;2a Cuota;VN1320106;02/08/2024;14/11/2024;65593;683;2825;PUERTO MONTT;ELECTRONICO;31/03/2025;M
CTKS79;2024;TOTAL;HB1840163;06/02/2024;20/11/2024;42228;1027;4524;MAIPU;PAPEL;31/03/2025;H
DBWX91;2024;2a Cuota;;04/10/2024;25/11/2024;100740;99;1489;RENCA;PAPEL;30/09/2025;H
DCGS29;2024;2a Cuota;SU1320123;02/08/2024;04/11/2024;20830;217;897;VALDIVIA;PAPEL;31/03/2025;M
DDFL37;2023;TOTAL;;13/11/2024;13/11/2024;40189;1551;6975;MAFIL;PAPEL;30/09/2024;H
DDFL37;2024;TOTAL;;13/11/2024;13/11/2024;34075;99;992;SAN JOSE;PAPEL;30/09/2025;H
DHDR50;2024;TOTAL;;26/11/2024;26/11/2024;204450;594;5955;SANTIAGO;PAPEL;30/09/2025;M
DLBG81;2024;2a Cuota;;04/10/2024;27/11/2024;100736;99;1489;PUERTO MONTT;PAPEL;30/09/2025;M
DLYW81;2024;TOTAL;;28/11/2024;28/11/2024;68150;198;1985;PUERTO MONTT;PAPEL;30/09/2025;M
DPCD97;2024;TOTAL;;18/11/2024;18/11/2024;136300;396;3970;SANTIAGO;PAPEL;30/09/2025;M
DRT027;2024;TOTAL;;06/02/2024;29/11/2024;37227;905;3989;PUERTO MONTT;ELECTRONICO;31/03/2025;H
DWBP33;2024;2a Cuota;;04/10/2024;04/11/2024;99150;0;0;PUERTO MONTT;PAPEL;30/09/2025;H
DZVV13;2024;2a Cuota;HB2290102;02/08/2024;22/11/2024;21880;228;942;SANTIAGO;PAPEL;31/03/2025;M
FDDW45;2024;2a Cuota;SD2070067;02/08/2024;04/11/2024;17370;181;748;PUERTO MONTT;PAPEL;31/03/2025;H
FFCP20;2024;TOTAL;;29/11/2024;29/11/2024;34075;99;992;PUERTO MONTT;PAPEL;30/09/2025;M
FHBY60;2024;2a Cuota;CT2430026;02/08/2024;19/11/2024;72018;750;3101;MAIPU;PAPEL;31/03/2025;H
FHST94;2024;2a Cuota;CT2680006;02/08/2024;28/11/2024;17370;181;748;RENCA;PAPEL;31/03/2025;M
FJBK88;2024;TOTAL;;29/11/2024;29/11/2024;102225;297;2977;VALDIVIA;PAPEL;30/09/2025;H
FTFS19;2024;2a Cuota;SD500283;02/08/2024;06/11/2024;17370;181;748;MAFIL;PAPEL;31/03/2025;M
FTZJ56;2024;TOTAL;;04/11/2024;04/11/2024;34075;99;992;SAN JOSE;PAPEL;30/09/2025;H
FXPY40;2024;2a Cuota;SU1410059;02/08/2024;11/11/2024;112129;1167;4829;VILLARRICA;ELECTRONICO;31/03/2025;M
GCZG54;2024;2a Cuota;HB490006;02/08/2024;15/11/2024;17370;181;748;VIÑA;PAPEL;31/03/2025;H
GRGL60;2024;2a Cuota;;04/10/2024;27/11/2024;100736;99;1489;COQUIMBO;PAPEL;30/09/2025;M
GSTP36;2024;TOTAL;CT1660059;06/02/2024;17/11/2024;144073;3504;15436;VALPARAISO;ELECTRONICO;31/03/2025;H
GTTX24;2024;TOTAL;;28/11/2024;28/11/2024;34075;99;992;MAIPU;PAPEL;30/09/2025;M
HBJS51;2023;TOTAL;;08/11/2024;08/11/2024;160760;6206;27900;RENCA;PAPEL;30/09/2024;H
HBJS51;2024;TOTAL;;08/11/2024;08/11/2024;136300;396;3970;VALDIVIA;PAPEL;30/09/2025;M
HBWD66;2024;2a Cuota;CT1760324;02/08/2024;13/11/2024;128551;1338;5536;MAFIL;ELECTRONICO;31/03/2025;H
HFVD18;2024;2a Cuota;;04/10/2024;25/11/2024;100740;99;1489;SAN JOSE;PAPEL;30/09/2025;M
HGLH27;2024;TOTAL;;27/11/2024;27/11/2024;33180;0;0;VILLARRICA;PAPEL;30/09/2025;H
HLFY82;2024;TOTAL;;25/09/2024;14/11/2024;136300;396;3970;VIÑA;ELECTRONICO;30/09/2025;M
HR9824;2024;2a Cuota;;04/10/2024;15/11/2024;67157;66;992;COQUIMBO;PAPEL;30/09/2025;M
HTHB52;2024;2a Cuota;CT1760326;02/08/2024;21/11/2024;90780;945;3909;VALPARAISO;ELECTRONICO;31/03/2025;H
HVJT53;2024;2a Cuota;SU1760232;02/08/2024;29/11/2024;76056;792;3275;MAIPU;ELECTRONICO;31/03/2025;H
HXPR98;2024;2a Cuota;VN1600020;02/08/2024;05/11/2024;17370;181;748;RENCA;ELECTRONICO;31/03/2025;M
HZXP10;2024;TOTAL;;25/09/2024;15/11/2024;34075;99;992;VALDIVIA;ELECTRONICO;30/09/2025;M
JA8933;2024;TOTAL;;12/11/2024;12/11/2024;136300;396;3970;MAFIL;PAPEL;30/09/2025;M
JA9024;2023;TOTAL;;22/02/2024;26/11/2024;241137;9309;41850;SAN JOSE;PAPEL;30/09/2024;M
JA9024;2024;TOTAL;;26/11/2024;26/11/2024;204450;594;5955;VILLARRICA;PAPEL;30/09/2025;H
JA9266;2024;2a Cuota;;04/10/2024;01/11/2024;99148;0;0;VIÑA;ELECTRONICO;30/09/2025;H
JBWF95;2024;TOTAL;;13/11/2024;13/11/2024;34070;99;992;COQUIMBO;PAPEL;30/09/2025;M
JCLV76;2024;2a Cuota;SU1410129;02/08/2024;22/11/2024;223652;2329;9631;VALPARAISO;ELECTRONICO;31/03/2025;H
JDT037;2024;TOTAL;;06/02/2024;05/11/2024;37227;905;3989;MAIPU;PAPEL;31/03/2025;M
JH5647;2021;TOTAL;;08/11/2024;08/11/2024;310540;41312;112743;RENCA;PAPEL;30/09/2022;H
JH5647;2022;TOTAL;;08/11/2024;08/11/2024;271313;20445;76124;VALDIVIA;PAPEL;30/09/2023;M
JH5647;2023;TOTAL;;08/11/2024;08/11/2024;241137;9309;41850;MAFIL;PAPEL;30/09/2024;H
JH5647;2024;TOTAL;;08/11/2024;08/11/2024;204450;594;5955;SAN JOSE;PAPEL;30/09/2025;M
JLFK62;2024;2a Cuota;VN1760070;02/08/2024;29/11/2024;113298;1180;4879;VILLARRICA;PAPEL;31/03/2025;H
JLHY26;2024;TOTAL;;08/11/2024;08/11/2024;136300;396;3970;VIÑA;ELECTRONICO;30/09/2025;M
JP3426;2024;2a Cuota;;04/10/2024;25/11/2024;67160;66;992;COQUIMBO;PAPEL;30/09/2025;H
JP4247;2024;TOTAL;;26/11/2024;26/11/2024;204450;594;5955;VALPARAISO;PAPEL;30/09/2025;M
JPBY61;2024;TOTAL;HB500136;11/11/2024;11/11/2024;60809;1479;6515;MAIPU;PAPEL;31/03/2025;H
JRXY66;2024;2a Cuota;SU2270490;02/08/2024;06/11/2024;110509;1151;4759;RENCA;PAPEL;31/03/2025;M
JRZZ38;2024;TOTAL;SD500221;06/02/2024;08/11/2024;37227;905;3989;VALDIVIA;PAPEL;31/03/2025;H
JTYD37;2024;2a Cuota;;04/10/2024;18/11/2024;100736;99;1489;MAFIL;PAPEL;30/09/2025;M
JWLH19;2024;2a Cuota;;04/10/2024;25/11/2024;100740;99;1489;SAN JOSE;PAPEL;30/09/2025;H
JZWR28;2024;2a Cuota;HB2430248;02/08/2024;21/11/2024;31044;323;1337;VILLARRICA;ELECTRONICO;31/03/2025;M
KBDH41;2024;2a Cuota;HB1640001;02/08/2024;01/11/2024;45933;478;1978;VIÑA;ELECTRONICO;31/03/2025;H
KE9689;2023;TOTAL;;12/11/2024;12/11/2024;241140;9309;41850;COQUIMBO;PAPEL;30/09/2024;M
KE9689;2024;TOTAL;;12/11/2024;12/11/2024;204450;594;5955;VALPARAISO;PAPEL;30/09/2025;H
KHSK86;2024;TOTAL;;26/11/2024;26/11/2024;5530;0;0;SANTIAGO;PAPEL;30/09/2025;M
KJ3521;2024;TOTAL;CT500037;05/11/2024;05/11/2024;37227;905;3989;SANTIAGO;PAPEL;31/03/2025;H
KK2408;2024;TOTAL;;08/11/2024;08/11/2024;136300;396;3970;MAFIL;PAPEL;30/09/2025;H
KKRS69;2024;2a Cuota;SU650012;02/08/2024;08/11/2024;47927;499;2064;SAN JOSE;ELECTRONICO;31/03/2025;M
KVPP30;2024;2a Cuota;CT1760324;02/08/2024;30/11/2024;220910;2300;9513;VILLARRICA;ELECTRONICO;31/03/2025;M
KYYT34;2024;TOTAL;CO1170016;19/11/2024;19/11/2024;202600;4927;21707;VIÑA;PAPEL;31/03/2025;M
LCDD39;2024;2a Cuota;CT5430015;02/08/2024;12/11/2024;74220;773;3196;COQUIMBO;ELECTRONICO;31/03/2025;M
LCDF36;2024;2a Cuota;SU470037;02/08/2024;01/11/2024;60331;628;2598;VALPARAISO;ELECTRONICO;31/03/2025;H
LF7794;2024;TOTAL;;13/11/2024;13/11/2024;68150;198;1985;SANTIAGO;PAPEL;30/09/2025;H
LJGT62;2024;TOTAL;CT790173;06/02/2024;25/11/2024;358964;8730;38460;SANTIAGO;ELECTRONICO;31/03/2025;M
LP3985;2024;2a Cuota;;04/10/2024;11/11/2024;33578;33;496;MAFIL;ELECTRONICO;30/09/2025;H
LR1906;2024;2a Cuota;;04/10/2024;01/11/2024;99148;0;0;SAN JOSE;ELECTRONICO;30/09/2025;M
LW1038;2024;2a Cuota;SD2350174;02/08/2024;09/11/2024;17370;181;748;VILLARRICA;ELECTRONICO;31/03/2025;H
NK3959;2024;2a Cuota;SD2350083;02/08/2024;05/11/2024;17370;181;748;VIÑA;ELECTRONICO;31/03/2025;M
NU7719;2024;TOTAL;;12/11/2024;12/11/2024;204450;594;5955;COQUIMBO;PAPEL;30/09/2025;H
PFLT67;2024;2a Cuota;SU1760232;02/08/2024;28/11/2024;176765;1840;7612;VALPARAISO;ELECTRONICO;31/03/2025;M
PGFD74;2024;2a Cuota;CT1250015;02/08/2024;05/11/2024;136415;1420;5874;SANTIAGO;ELECTRONICO;31/03/2025;H
PGGB72;2024;2a Cuota;SU1210057;02/08/2024;26/11/2024;472486;4919;20346;SANTIAGO;ELECTRONICO;31/03/2025;M
PJGL74;2024;2a Cuota;SD2290057;02/08/2024;02/11/2024;85676;892;3689;MAFIL;ELECTRONICO;31/03/2025;H
PJZX69;2024;2a Cuota;CT5430024;02/08/2024;02/11/2024;577744;6015;24879;SAN JOSE;ELECTRONICO;31/03/2025;M
PJZZ28;2024;2a Cuota;SU490043;02/08/2024;05/11/2024;104358;1087;4494;VILLARRICA;ELECTRONICO;31/03/2025;H
PJZZ74;2024;2a Cuota;SU490018;02/08/2024;18/11/2024;79634;829;3429;VIÑA;PAPEL;31/03/2025;M
PK1924;2024;TOTAL;;22/11/2024;22/11/2024;204450;594;5955;COQUIMBO;PAPEL;30/09/2025;H
PPRD27;2024;2a Cuota;SD1110347;02/08/2024;29/11/2024;103930;1082;4475;VALPARAISO;ELECTRONICO;31/03/2025;M
PRW044;2022;TOTAL;MT1060373;20/11/2024;20/11/2024;366695;40950;118928;SANTIAGO;ELECTRONICO;31/03/2023;H
PRW044;2023;TOTAL;MT1060373;20/11/2024;20/11/2024;266795;12887;61568;SANTIAGO;ELECTRONICO;31/03/2024;M
PRW044;2024;TOTAL;MT1060373;20/11/2024;20/11/2024;231021;5618;24752;MAFIL;ELECTRONICO;31/03/2025;H
PYLV31;2024;2a Cuota;CT1760343;02/08/2024;28/11/2024;590426;3158;13062;SAN JOSE;ELECTRONICO;31/03/2025;M
PZDB37;2024;2a Cuota;SU2270465;02/08/2024;14/11/2024;198689;2069;8556;VILLARRICA;ELECTRONICO;31/03/2025;H
RBGV77;2024;2a Cuota;CT1760341;02/08/2024;27/11/2024;667797;3572;14773;VIÑA;ELECTRONICO;31/03/2025;M
RBRG97;2022;TOTAL;HB1320127;20/02/2024;08/11/2024;288715;32242;93637;COQUIMBO;PAPEL;31/03/2023;H
RBRG97;2023;TOTAL;HB1320127;20/02/2024;08/11/2024;210058;10146;48475;VALPARAISO;PAPEL;31/03/2024;H
RBRG97;2024;TOTAL;HB1320127;20/02/2024;08/11/2024;139107;3383;14904;SANTIAGO;PAPEL;31/03/2025;M
RDWR47;2024;TOTAL;;27/11/2024;27/11/2024;34070;99;992;SANTIAGO;PAPEL;30/09/2025;M
RHDW92;2024;2a Cuota;;02/10/2024;08/11/2024;50368;50;744;SANTIAGO;ELECTRONICO;30/09/2025;M
RLWF60;2024;TOTAL;;25/09/2024;15/11/2024;34075;99;992;PUERTO MONTT;ELECTRONICO;30/09/2025;M
RRLS80;2024;TOTAL;;17/10/2024;20/11/2024;34075;99;992;PUERTO MONTT;ELECTRONICO;30/09/2025;H
RTKV21;2024;2a Cuota;SU2350158;02/08/2024;26/11/2024;280134;2917;12063;SANTIAGO;ELECTRONICO;31/03/2025;H
RW1671;2024;TOTAL;;22/11/2024;22/11/2024;204450;594;5955;PUERTO MONTT;PAPEL;30/09/2025;M
RZGS91;2024;TOTAL;;12/11/2024;12/11/2024;34075;99;992;PUERTO MONTT;PAPEL;30/09/2025;H
SBSR37;2024;2a Cuota;SU2290295;02/08/2024;14/11/2024;176162;1834;7586;SANTIAGO;ELECTRONICO;31/03/2025;M
SCHR55;2024;TOTAL;;25/09/2024;14/11/2024;34075;99;992;PUERTO MONTT;ELECTRONICO;30/09/2025;H
SF7436;2024;2a Cuota;;04/10/2024;06/11/2024;67160;66;992;PUERTO MONTT;PAPEL;30/09/2025;M
SN7832;2024;TOTAL;;20/11/2024;20/11/2024;204450;594;5955;MAIPU;PAPEL;30/09/2025;H
SPJL81;2024;TOTAL;CT5430021;06/02/2024;07/11/2024;1922828;46761;206017;RENCA;ELECTRONICO;31/03/2025;M
SR6926;2024;2a Cuota;;04/10/2024;05/11/2024;33580;33;496;VALDIVIA;PAPEL;30/09/2025;H
STSV18;2024;2a Cuota;HB1320126;02/08/2024;06/11/2024;98077;1021;4223;MAFIL;PAPEL;31/03/2025;M
STSW26;2024;2a Cuota;SU1810054;02/08/2024;14/11/2024;299192;3115;12884;SAN JOSE;ELECTRONICO;31/03/2025;H
SWVB63;2024;2a Cuota;SU5450022;02/08/2024;05/11/2024;153422;1597;6607;SANTIAGO;PAPEL;31/03/2025;M
SY7682;2024;TOTAL;SU1660007;06/02/2024;05/11/2024;37227;905;3989;PUERTO MONTT;PAPEL;31/03/2025;H
SZHZ11;2024;TOTAL;;26/11/2024;26/11/2024;116759;0;0;PUERTO MONTT;PAPEL;31/03/2025;M
SZHZ12;2024;TOTAL;;25/11/2024;25/11/2024;38742;0;0;SANTIAGO;PAPEL;31/03/2025;H
SZHZ17;2024;TOTAL;;29/11/2024;29/11/2024;62304;0;0;PUERTO MONTT;ELECTRONICO;31/03/2025;M
TBSH36;2024;TOTAL;;12/11/2024;12/11/2024;34075;99;992;PUERTO MONTT;PAPEL;30/09/2025;H
TCK083;2024;TOTAL;;06/02/2024;04/11/2024;37227;905;3989;SANTIAGO;ELECTRONICO;31/03/2025;M
TCLG78;2024;2a Cuota;;02/08/2024;07/11/2024;184683;1923;7953;PUERTO MONTT;ELECTRONICO;31/03/2025;H
TF2562;2023;TOTAL;CT1320014;26/11/2024;26/11/2024;42840;2069;9886;PUERTO MONTT;PAPEL;31/03/2024;M
TJ7735;2024;2a Cuota;SD1110085;02/08/2024;15/11/2024;17370;181;748;MAIPU;PAPEL;31/03/2025;H
TJVX54;2024;TOTAL;;07/11/2024;07/11/2024;22121;0;0;RENCA;PAPEL;31/05/2025;M
TJVX87;2024;TOTAL;;04/11/2024;04/11/2024;91849;0;0;VALDIVIA;PAPEL;31/03/2025;H
TJVX88;2024;TOTAL;;04/11/2024;04/11/2024;62731;0;0;MAFIL;PAPEL;31/03/2025;H
TJVX89;2024;TOTAL;;04/11/2024;04/11/2024;33614;0;0;SAN JOSE;PAPEL;31/03/2025;M
TJVX92;2024;TOTAL;;15/11/2024;18/11/2024;45451;0;0;SANTIAGO;PAPEL;31/03/2025;M
TJVX97;2024;TOTAL;;22/11/2024;22/11/2024;167875;0;0;PUERTO MONTT;PAPEL;31/03/2025;M
TJVX98;2024;TOTAL;;22/11/2024;22/11/2024;167875;0;0;PUERTO MONTT;PAPEL;31/03/2025;M
TJVZ54;2024;TOTAL;;06/11/2024;06/11/2024;82953;0;0;SANTIAGO;PAPEL;30/09/2025;H
TRWF41;2024;TOTAL;;12/11/2024;12/11/2024;13825;0;0;PUERTO MONTT;PAPEL;30/09/2025;H
TRYJ77;2024;TOTAL;;28/11/2024;29/11/2024;13825;0;0;PUERTO MONTT;ELECTRONICO;30/09/2025;M
TSWG17;2024;TOTAL;;06/11/2024;06/11/2024;33181;0;0;SANTIAGO;PAPEL;30/09/2025;H
TTGW30;2024;TOTAL;;04/11/2024;04/11/2024;126950;0;0;PUERTO MONTT;PAPEL;31/03/2025;M
TTGW35;2024;TOTAL;;04/11/2024;04/11/2024;69589;0;0;PUERTO MONTT;PAPEL;31/03/2025;H
TTGW51;2024;TOTAL;;04/11/2024;04/11/2024;33865;0;0;MAIPU;PAPEL;31/03/2025;M
TTGW55;2024;TOTAL;;04/11/2024;04/11/2024;124375;0;0;RENCA;PAPEL;31/03/2025;H
TTGW56;2024;TOTAL;;04/11/2024;04/11/2024;35818;0;0;VALDIVIA;PAPEL;31/03/2025;M
TTGW61;2024;TOTAL;;04/11/2024;04/11/2024;69788;0;0;MAFIL;PAPEL;31/03/2025;H
TTGW65;2024;TOTAL;;15/11/2024;18/11/2024;160636;0;0;SAN JOSE;PAPEL;31/03/2025;M
TTGW66;2024;TOTAL;;15/11/2024;18/11/2024;160636;0;0;SANTIAGO;PAPEL;31/03/2025;H
TTGW67;2024;TOTAL;;15/11/2024;18/11/2024;160636;0;0;PUERTO MONTT;PAPEL;31/03/2025;M
TTGW73;2024;TOTAL;;04/11/2024;04/11/2024;52115;0;0;PUERTO MONTT;PAPEL;31/03/2025;H
TTGW76;2024;TOTAL;;04/11/2024;04/11/2024;89885;0;0;SANTIAGO;PAPEL;31/03/2025;M
TTGW82;2024;TOTAL;;04/11/2024;04/11/2024;153126;0;0;PUERTO MONTT;PAPEL;31/03/2025;H
TTGW86;2024;TOTAL;;04/11/2024;04/11/2024;33864;0;0;PUERTO MONTT;PAPEL;31/03/2025;M
TTGW95;2024;TOTAL;;04/11/2024;04/11/2024;23617;0;0;SANTIAGO;PAPEL;31/03/2025;H
TTGX98;2024;TOTAL;;15/11/2024;18/11/2024;160636;0;0;PUERTO MONTT;PAPEL;31/03/2025;M
TTSF30;2024;TOTAL;;22/11/2024;22/11/2024;8295;0;0;PUERTO MONTT;PAPEL;30/09/2025;H
TTSF49;2024;TOTAL;;22/11/2024;22/11/2024;8295;0;0;MAIPU;PAPEL;30/09/2025;M
TTVJ30;2024;TOTAL;;04/11/2024;04/11/2024;35124;0;0;RENCA;PAPEL;31/03/2025;H
TTVJ31;2024;TOTAL;;04/11/2024;04/11/2024;64746;0;0;VALDIVIA;PAPEL;31/03/2025;H
TTVJ42;2024;TOTAL;;04/11/2024;04/11/2024;89947;0;0;MAFIL;PAPEL;31/03/2025;H
TTVJ46;2024;TOTAL;;04/11/2024;04/11/2024;85551;0;0;SAN JOSE;PAPEL;31/03/2025;H
TTVJ47;2024;TOTAL;;04/11/2024;04/11/2024;81552;0;0;VILLARRICA;PAPEL;31/03/2025;H
TTVJ49;2024;TOTAL;;04/11/2024;04/11/2024;65294;0;0;VIÑA;PAPEL;31/03/2025;H
TTVJ54;2024;TOTAL;;04/11/2024;04/11/2024;36385;0;0;COQUIMBO;PAPEL;31/03/2025;H
TTVJ57;2024;TOTAL;;04/11/2024;04/11/2024;77579;0;0;VALPARAISO;PAPEL;31/03/2025;H
TTVJ61;2024;TOTAL;;04/11/2024;04/11/2024;180016;0;0;MAIPU;PAPEL;31/03/2025;H
TTVJ62;2024;TOTAL;;04/11/2024;04/11/2024;53349;0;0;RENCA;PAPEL;31/03/2025;H
TTVJ63;2024;TOTAL;;04/11/2024;04/11/2024;63187;0;0;VALDIVIA;PAPEL;31/03/2025;H
TTVJ65;2024;TOTAL;;04/11/2024;04/11/2024;30946;0;0;MAFIL;PAPEL;31/03/2025;H
TTVJ67;2024;TOTAL;;04/11/2024;04/11/2024;35291;0;0;SAN JOSE;PAPEL;31/03/2025;M
TTVJ68;2024;TOTAL;;04/11/2024;04/11/2024;129417;0;0;VILLARRICA;PAPEL;31/03/2025;M
TTVJ70;2024;TOTAL;;04/11/2024;04/11/2024;91051;0;0;VIÑA;PAPEL;31/03/2025;H
TTVJ72;2024;TOTAL;;04/11/2024;04/11/2024;143042;0;0;COQUIMBO;PAPEL;31/03/2025;M
TTVJ74;2024;TOTAL;;04/11/2024;04/11/2024;37625;0;0;VALPARAISO;PAPEL;31/03/2025;H
TTVJ79;2024;TOTAL;;04/11/2024;04/11/2024;180857;0;0;MAIPU;PAPEL;31/03/2025;M
TTVJ82;2024;TOTAL;;04/11/2024;04/11/2024;38204;0;0;RENCA;PAPEL;31/03/2025;H
TTVJ83;2024;TOTAL;;04/11/2024;04/11/2024;453253;0;0;VALDIVIA;PAPEL;31/03/2025;M
TTVJ90;2024;TOTAL;;04/11/2024;04/11/2024;38204;0;0;MAFIL;PAPEL;31/03/2025;H
TTVJ92;2024;TOTAL;;08/11/2024;08/11/2024;146306;0;0;SAN JOSE;PAPEL;31/03/2025;M
TTVJ93;2024;TOTAL;;04/11/2024;04/11/2024;46398;0;0;VILLARRICA;PAPEL;31/03/2025;H
TTVJ96;2024;TOTAL;;04/11/2024;04/11/2024;46398;0;0;VIÑA;PAPEL;31/03/2025;H
TTVK13;2024;TOTAL;;04/11/2024;04/11/2024;106308;0;0;COQUIMBO;PAPEL;31/03/2025;H
TTVK14;2024;TOTAL;;05/11/2024;05/11/2024;37625;0;0;VALPARAISO;PAPEL;31/03/2025;H
TTVK15;2024;TOTAL;;04/11/2024;04/11/2024;38204;0;0;MAIPU;PAPEL;31/03/2025;H
TTVK25;2024;TOTAL;;04/11/2024;04/11/2024;46398;0;0;RENCA;PAPEL;31/03/2025;H
TTVK44;2024;TOTAL;;06/11/2024;06/11/2024;66637;0;0;VALDIVIA;PAPEL;31/03/2025;H
TTVK45;2024;TOTAL;;06/11/2024;06/11/2024;63415;0;0;MAFIL;PAPEL;31/03/2025;H
TTVK46;2024;TOTAL;;06/11/2024;06/11/2024;111854;0;0;SAN JOSE;PAPEL;31/03/2025;H
TTVK62;2024;TOTAL;;07/11/2024;07/11/2024;38325;0;0;VILLARRICA;PAPEL;31/03/2025;H
TTVK84;2024;TOTAL;;11/11/2024;11/11/2024;24167;0;0;VIÑA;PAPEL;31/03/2025;H
TTVK91;2024;TOTAL;;08/11/2024;08/11/2024;31272;0;0;COQUIMBO;PAPEL;31/03/2025;H
TTVK96;2024;TOTAL;;12/11/2024;12/11/2024;90274;0;0;VALPARAISO;PAPEL;31/03/2025;M
TTVK97;2024;TOTAL;;12/11/2024;12/11/2024;34671;0;0;MAIPU;PAPEL;31/03/2025;M
TTVL11;2024;TOTAL;;08/11/2024;08/11/2024;58290;0;0;RENCA;PAPEL;31/03/2025;H
TTVL12;2024;TOTAL;;12/11/2024;12/11/2024;86838;0;0;VALDIVIA;PAPEL;31/03/2025;M
TTVL21;2024;TOTAL;;12/11/2024;12/11/2024;54724;0;0;MAFIL;PAPEL;31/03/2025;H
TTVL28;2024;TOTAL;;12/11/2024;12/11/2024;91166;0;0;SAN JOSE;PAPEL;31/03/2025;M
TTVL37;2024;TOTAL;;12/11/2024;12/11/2024;45596;0;0;VILLARRICA;PAPEL;31/03/2025;H
TTVL43;2024;TOTAL;;13/11/2024;13/11/2024;23327;0;0;VIÑA;PAPEL;31/03/2025;M
TTVL45;2024;TOTAL;;13/11/2024;13/11/2024;41791;0;0;COQUIMBO;PAPEL;31/03/2025;H
TTVL53;2024;TOTAL;;14/11/2024;14/11/2024;94177;0;0;VALPARAISO;PAPEL;31/03/2025;M
TTVL54;2024;TOTAL;;14/11/2024;14/11/2024;23836;0;0;SANTIAGO;PAPEL;31/03/2025;H
TTVL69;2024;TOTAL;;14/11/2024;15/11/2024;116696;0;0;SANTIAGO;PAPEL;31/03/2025;H
TTVL85;2024;TOTAL;;14/11/2024;15/11/2024;44504;0;0;MAFIL;PAPEL;31/03/2025;H
TTVP27;2024;TOTAL;;19/11/2024;19/11/2024;114409;0;0;SAN JOSE;PAPEL;31/03/2025;H
TTVP28;2024;TOTAL;;19/11/2024;19/11/2024;46391;0;0;VILLARRICA;PAPEL;31/03/2025;H
TTVP32;2024;TOTAL;;19/11/2024;19/11/2024;23206;0;0;VIÑA;PAPEL;31/03/2025;H
TTVP40;2024;TOTAL;;19/11/2024;19/11/2024;23378;0;0;COQUIMBO;PAPEL;31/03/2025;H
TTVP42;2024;TOTAL;;19/11/2024;19/11/2024;56189;0;0;VALPARAISO;PAPEL;31/03/2025;H
TTVP48;2024;TOTAL;;19/11/2024;19/11/2024;18972;0;0;SANTIAGO;PAPEL;31/03/2025;H
TTVP50;2024;TOTAL;;19/11/2024;19/11/2024;24895;0;0;SANTIAGO;PAPEL;31/03/2025;H
TTVP52;2024;TOTAL;;19/11/2024;19/11/2024;31083;0;0;MAFIL;PAPEL;31/03/2025;H
TTVP53;2024;TOTAL;;15/11/2024;18/11/2024;45265;0;0;SAN JOSE;PAPEL;31/03/2025;H
TTVP54;2024;TOTAL;;20/11/2024;20/11/2024;92560;0;0;VILLARRICA;PAPEL;31/03/2025;M
TTVP58;2024;TOTAL;;20/11/2024;20/11/2024;81236;0;0;VIÑA;PAPEL;31/03/2025;M
TTVP65;2024;TOTAL;;20/11/2024;20/11/2024;88638;0;0;COQUIMBO;PAPEL;31/03/2025;H
TTVP68;2024;TOTAL;;20/11/2024;20/11/2024;28458;0;0;VALPARAISO;PAPEL;31/03/2025;M
TTVP72;2024;TOTAL;;20/11/2024;20/11/2024;15667;0;0;SANTIAGO;PAPEL;31/03/2025;H
TTVP90;2024;TOTAL;;21/11/2024;21/11/2024;142282;0;0;SANTIAGO;PAPEL;31/03/2025;M
TTVP92;2024;TOTAL;;21/11/2024;21/11/2024;110095;0;0;MAFIL;PAPEL;31/03/2025;H
TTVP93;2024;TOTAL;;21/11/2024;21/11/2024;161027;0;0;SAN JOSE;PAPEL;31/03/2025;M
TTVR11;2024;TOTAL;;21/11/2024;21/11/2024;38122;0;0;VILLARRICA;PAPEL;31/03/2025;H
TTVR14;2024;TOTAL;;21/11/2024;21/11/2024;31636;0;0;VIÑA;PAPEL;31/03/2025;M
TTVR18;2024;TOTAL;;21/11/2024;21/11/2024;31636;0;0;COQUIMBO;PAPEL;31/03/2025;H
TTVR21;2024;TOTAL;;21/11/2024;21/11/2024;47276;0;0;VALPARAISO;PAPEL;31/03/2025;H
TTVR30;2024;TOTAL;;22/11/2024;22/11/2024;60876;0;0;SANTIAGO;PAPEL;31/03/2025;H
TTVR31;2024;TOTAL;;21/11/2024;21/11/2024;48517;0;0;SANTIAGO;PAPEL;31/03/2025;H
TTVR44;2024;TOTAL;;25/11/2024;25/11/2024;37463;0;0;MAFIL;PAPEL;31/03/2025;H
TTVR48;2024;TOTAL;;22/11/2024;22/11/2024;52570;0;0;SAN JOSE;PAPEL;31/03/2025;H
TTVR57;2024;TOTAL;;25/11/2024;25/11/2024;41268;0;0;VILLARRICA;PAPEL;31/03/2025;H
TTVR58;2024;TOTAL;;22/11/2024;22/11/2024;149077;0;0;VIÑA;PAPEL;31/03/2025;H
TTVR67;2024;TOTAL;;26/11/2024;26/11/2024;0;0;0;COQUIMBO;PAPEL;31/03/2025;H
TTVR68;2024;TOTAL;;22/11/2024;22/11/2024;58453;0;0;VALPARAISO;PAPEL;31/03/2025;H
TTVR70;2024;TOTAL;;26/11/2024;26/11/2024;0;0;0;SANTIAGO;PAPEL;31/03/2025;H
TTVR75;2024;TOTAL;;26/11/2024;26/11/2024;0;0;0;SANTIAGO;PAPEL;31/03/2025;H
TTVR76;2024;TOTAL;;26/11/2024;26/11/2024;44705;0;0;VILLARRICA;PAPEL;31/03/2025;M
TTVR78;2024;TOTAL;;25/11/2024;25/11/2024;0;0;0;VIÑA;PAPEL;31/03/2025;M
TTVR81;2024;TOTAL;;26/11/2024;26/11/2024;75634;0;0;COQUIMBO;PAPEL;31/03/2025;H
TTVR88;2024;TOTAL;;25/11/2024;25/11/2024;37400;0;0;VALPARAISO;PAPEL;31/03/2025;M
TTVR92;2024;TOTAL;;26/11/2024;26/11/2024;65841;0;0;SANTIAGO;PAPEL;31/03/2025;H
TTVR94;2024;TOTAL;;26/11/2024;26/11/2024;22156;0;0;SANTIAGO;PAPEL;31/03/2025;M
TTVR96;2024;TOTAL;;26/11/2024;26/11/2024;24033;0;0;SANTIAGO;PAPEL;31/03/2025;H
TTVR99;2024;TOTAL;;26/11/2024;26/11/2024;0;0;0;SANTIAGO;PAPEL;31/03/2025;M
TV3161;2023;TOTAL;SU1320013;21/11/2024;21/11/2024;42840;2069;9886;VILLARRICA;PAPEL;31/03/2024;H
TV3161;2024;TOTAL;SU1320013;21/11/2024;21/11/2024;37227;905;3989;VILLARRICA;PAPEL;31/03/2025;M
TVRP55;2024;TOTAL;;26/11/2024;26/11/2024;52541;0;0;VIÑA;PAPEL;31/03/2025;H
TVRP56;2024;TOTAL;;27/11/2024;27/11/2024;54474;0;0;COQUIMBO;PAPEL;31/03/2025;H
TVRP58;2024;TOTAL;;26/11/2024;26/11/2024;52828;0;0;VALPARAISO;PAPEL;31/03/2025;H
TVRP59;2024;TOTAL;;26/11/2024;26/11/2024;100844;0;0;SANTIAGO;PAPEL;31/03/2025;H
TVRP60;2024;TOTAL;;26/11/2024;26/11/2024;119387;0;0;SANTIAGO;PAPEL;31/03/2025;H
TVRP65;2024;TOTAL;;27/11/2024;27/11/2024;20934;0;0;SANTIAGO;PAPEL;31/03/2025;H
TVRP67;2024;TOTAL;;27/11/2024;27/11/2024;55702;0;0;VILLARRICA;PAPEL;31/03/2025;H
TVRP75;2024;TOTAL;;27/11/2024;27/11/2024;25097;0;0;VIÑA;PAPEL;31/03/2025;H
TVRR11;2024;TOTAL;;27/11/2024;27/11/2024;54348;0;0;COQUIMBO;PAPEL;31/03/2025;H
TVRR28;2024;TOTAL;;28/11/2024;28/11/2024;0;0;0;VALPARAISO;PAPEL;31/03/2025;H
TVRR55;2024;TOTAL;;29/11/2024;29/11/2024;32391;0;0;SANTIAGO;PAPEL;31/03/2025;H
TVRR59;2024;TOTAL;;29/11/2024;29/11/2024;32660;0;0;SANTIAGO;PAPEL;31/03/2025;H
TVRR64;2024;TOTAL;;29/11/2024;29/11/2024;25860;0;0;SANTIAGO;PAPEL;31/03/2025;M
TVRR67;2024;TOTAL;;29/11/2024;29/11/2024;25860;0;0;SANTIAGO;PAPEL;31/03/2025;M
TVRR74;2024;TOTAL;;29/11/2024;29/11/2024;34343;0;0;VILLARRICA;PAPEL;31/03/2025;H
TVRR94;2024;TOTAL;;29/11/2024;29/11/2024;56189;0;0;VILLARRICA;PAPEL;31/03/2025;M
TVRR97;2024;TOTAL;;29/11/2024;29/11/2024;120452;0;0;VIÑA;PAPEL;31/03/2025;H
TVRR98;2024;TOTAL;;29/11/2024;29/11/2024;112168;0;0;COQUIMBO;PAPEL;31/03/2025;M
TVRR99;2024;TOTAL;;29/11/2024;29/11/2024;43051;0;0;VALPARAISO;PAPEL;31/03/2025;H
TX2513;2024;TOTAL;CT500113;06/02/2024;13/11/2024;37227;905;3989;SANTIAGO;ELECTRONICO;31/03/2025;M
VJ2678;2024;TOTAL;;13/11/2024;13/11/2024;34070;99;992;SANTIAGO;PAPEL;30/09/2025;H
VJ2858;2023;TOTAL;CT500156;11/11/2024;11/11/2024;42840;2069;9886;SANTIAGO;PAPEL;31/03/2024;M
VJ2858;2024;TOTAL;CT500156;11/11/2024;11/11/2024;37227;905;3989;VILLARRICA;PAPEL;31/03/2025;H
WY3851;2024;2a Cuota;HB1320017;02/08/2024;05/11/2024;17370;181;748;VIÑA;ELECTRONICO;31/03/2025;H
WY5328;2023;TOTAL;HB500069;26/11/2024;26/11/2024;42840;2069;9886;COQUIMBO;PAPEL;31/03/2024;H
WY5328;2024;TOTAL;HB500069;26/11/2024;26/11/2024;37227;905;3989;VALPARAISO;PAPEL;31/03/2025;H
XA4159;2024;TOTAL;HB500038;06/02/2024;27/11/2024;37227;905;3989;SANTIAGO;ELECTRONICO;31/03/2025;H
XB3467;2024;TOTAL;;21/11/2024;21/11/2024;34075;99;992;SANTIAGO;PAPEL;30/09/2025;H
YC2779;2019;TOTAL;A65016;25/11/2024;25/11/2024;67250;9115;33958;SANTIAGO;ELECTRONICO;31/03/2020;H
YC2779;2020;TOTAL;SD500198;25/11/2024;25/11/2024;58894;7973;26084;SANTIAGO;ELECTRONICO;31/03/2021;H
YC2779;2021;TOTAL;SD500198;25/11/2024;25/11/2024;54624;7417;21718;VILLARRICA;ELECTRONICO;31/03/2022;H
YC2779;2022;TOTAL;SD500198;25/11/2024;25/11/2024;48264;5390;15653;VILLARRICA;ELECTRONICO;31/03/2023;H
YC2779;2023;TOTAL;SD500198;25/11/2024;25/11/2024;42840;2069;9886;VIÑA;ELECTRONICO;31/03/2024;H
YC2779;2024;TOTAL;SD500198;25/11/2024;25/11/2024;37227;905;3989;COQUIMBO;ELECTRONICO;31/03/2025;H
YE3958;2024;TOTAL;;21/11/2024;21/11/2024;34075;99;992;VALPARAISO;PAPEL;30/09/2025;M
YOG218;2024;TOTAL;;06/02/2024;20/11/2024;37227;905;3989;SANTIAGO;ELECTRONICO;31/03/2025;M
YOG723;2024;TOTAL;;14/11/2024;14/11/2024;8295;0;0;SANTIAGO;PAPEL;31/03/2025;H
YOG728;2024;TOTAL;;15/11/2024;15/11/2024;5530;0;0;SANTIAGO;PAPEL;31/03/2025;H
YOG729;2024;TOTAL;;26/11/2024;26/11/2024;5530;0;0;VILLARRICA;PAPEL;31/03/2025;H
YOG731;2024;TOTAL;;28/11/2024;28/11/2024;5530;0;0;VIÑA;PAPEL;31/03/2025;H
YS9143;2024;2a Cuota;;04/10/2024;21/11/2024;100736;99;1489;COQUIMBO;ELECTRONICO;30/09/2025;H
YY3388;2024;TOTAL;;25/09/2024;15/11/2024;102225;297;2977;VALPARAISO;ELECTRONICO;30/09/2025;H
ZA0117;2024;TOTAL;MT1730040;06/02/2024;14/11/2024;37227;905;3989;SANTIAGO;PAPEL;31/03/2025;M
ZN1879;2023;TOTAL;CT2250009;22/11/2024;22/11/2024;42840;2069;9886;SANTIAGO;PAPEL;31/03/2024;M
ZN1879;2024;TOTAL;CT2250009;22/11/2024;22/11/2024;37227;905;3989;SANTIAGO;PAPEL;31/03/2025;H
